{
  "__comment__": "Coordinate format: [longitude, latitude]",
  "g-sherman": [
    -149.908447265625,
    61.22266872659718
  ],
  "timlinux": [
    20.443990230560303,
    -34.01992347338913
  ],
  "mbernasocchi": [
    9.252706468105316,
    46.789811217009586
  ],
  "dakcarto": [
    -103.575687,
    43.933346
  ],
  "giohappy": [
    11.07272,
    43.88417
  ],
  "whatnick": [
    138.601,
    -34.929
  ],
  "NathanW2": [
    153.42407226562497,
    -28.05259082333986
  ],
  "nyalldawson": [
    145.0349675,
    -37.9170952
  ],
  "rduivenvoorde": [
    4.6,
    52.3
  ],
  "borysiasty": [
    20.95,
    52.2815
  ],
  "vinayan": [
    76.33026123046874,
    10.308163730851513
  ],
  "pcav": [
    10.631332397460938,
    43.659924074789
  ],
  "mhugent": [
    8.536376953125,
    47.368594345213374
  ],
  "haubourg": [
    1.444251537322998,
    43.58023541434867
  ],
  "brushtyler": [
    10.399920546093,
    43.716183974789
  ],
  "yoichigmf": [
    139.4000244140625,
    35.69689817401091
  ],
  "blazek": [
    14.3231406,
    49.9590836
  ],
  "tqhien": [
    2.25494384765625,
    48.80007963827956
  ],
  "luipir": [
    -8.397524356842041,
    43.37283922663916
  ],
  "nirvn": [
    104.911,
    11.5582
  ],
  "m-kuhn": [
    7.6256,
    46.7542
  ],
  "jef-n": [
    7.2145843505859375,
    53.60615521721495
  ],
  "slarosa": [
    16.22705340385437,
    39.357056058541474
  ],
  "mhugo": [
    -1.547486,
    47.199934
  ],
  "pblottiere": [
    -4.6445492,
    48.3748789
  ],
  "gacarrillor": [
    -74.07595,
    4.59805
  ],
  "alexbruy": [
    35.101318359375,
    47.857402894658
  ],
  "strk": [
    12.1728515625,
    42.31692400697034
  ],
  "jctull": [
    -119.82,
    39.18
  ],
  "Cracert": [
    19.938,
    50.061
  ],
  "andreasneumann": [
    8.78342,
    47.30919
  ],
  "szekerest": [
    19.1,
    47.6
  ],
  "lmotta": [
    -47.8645133972168,
    -15.763344662010184
  ],
  "3nids": [
    6.890548,
    46.470139
  ],
  "etiennesky": [
    -45.87558,
    -23.199067
  ],
  "vmora": [
    5.76,
    45.115
  ],
  "mach0": [
    14.99380588531494,
    48.791220421656064
  ],
  "wonder-sk": [
    14.42916,
    50.06681
  ],
  "marcel-dancak": [
    21.28868,
    49.04914
  ],
  "imincik": [
    21.19637,
    49.04172
  ],
  "gioman": [
    -7.917703,
    38.596288
  ],
  "tomkralidis": [
    -79.383184,
    43.653226
  ],
  "elpaso": [
    7.251318,
    44.815437
  ],
  "sbrunner": [
    6.66946,
    46.50825
  ],
  "ahuarte47": [
    -1.6588156567,
    42.810529897
  ],
  "SebDieBln": [
    13.409402,
    52.520804
  ],
  "SrNetoChan": [
    -9.42036,
    38.69744
  ],
  "root676": [
    16.3302,
    48.1779
  ],
  "rouault": [
    2.1539,
    48.9472
  ],
  "ghtmtt": [
    11.9358,
    46.7963
  ],
  "Gustry": [
    -61.70715,
    16.01649
  ],
  "raymondnijssen": [
    5.2926,
    51.6934
  ],
  "PeterPetrik": [
    16.3137828,
    49.871362
  ],
  "lbartoletti": [
    6.63055,
    45.93943
  ],
  "jancaha": [
    16.98311,
    49.281418
  ],
  "Samweli": [
    39.220558,
    -6.784386
  ],
  "espinafre": [
    -47.9411,
    -15.814729
  ],
  "uclaros": [
    23.74146,
    38.00278
  ],
  "vcloarec": [
    1.47684,
    43.54701
  ],
  "NEDJIMAbelgacem": [
    3.154434,
    36.717145
  ],
  "TurboGraphxBeige": [
    -71.88926,
    45.40171
  ],
  "troopa81": [
    1.3782654,
    43.700558
  ],
  "dimasciput": [
    112.712498,
    -7.361033
  ],
  "sumandari": [
    101.60601,
    3.1667
  ],
  "agiudiceandrea": [
    16.70835,
    41.052098
  ],
  "pathmapper": [
    6.41453,
    51.1638
  ],
  "ZayneTomlins": [
    152.95745,
    -26.62229
  ],
  "nicogodet": [
    -1.66034,
    43.387951
  ],
  "arnaud-morvan": [
    5.9215979126489255,
    45.56177551668845
  ],
  "TomasJohansson": [
    17.1525,
    60.675
  ],
  "Djedouas": [
    6.20673,
    44.08692
  ],
  "YoannQDQ": [
    -1.6122,
    48.2594
  ],
  "benoitdm-oslandia": [
    -1.01,
    46.13
  ],
  "domi4484": [
    8.6071,
    46.5279
  ],
  "signedav": [
    8.765546,
    47.518775
  ]
}